INCIDENT_NUMBER,DATE_REPORTED,DATE_OCCURED,CRIME_TYPE,BIAS_MOTIVATION_GROUP,BAIS_TARGETED_AGAINST,UOR_DESC,NIBRS_CODE,UCR_HIERARCHY,ATT_COMP,LMPD_DIVISION,LMPD_BEAT,PREMISE_TYPE,BLOCK_ADDRESS,City,ZIP_CODE,ObjectId
80-20-059852,2020/10/08 17:41:00+00,2020/10/08 16:44:00+00,ASSAULT,ANTI-BLACK                                   ,,TERRORISTIC THREATENING 3RD DEGREE,13C,PART II,COMPLETED,3RD DIVISION,315,PARKING LOT / GARAGE,5400 BLOCK VALLEY STATION RD                                ,LOUISVILLE,40272,1
80-20-033391,2020/06/06 22:34:00+00,2020/06/06 02:49:00+00,ASSAULT,ANTI-JEWISH                                  ,,TERRORISTIC THREATENING 3RD DEGREE,13C,PART II,COMPLETED,6TH DIVISION,613,RESIDENCE / HOME,4400 BLOCK KILN CT                                          ,LOUISVILLE,40218,2
80-13-002700,2013/01/12 02:06:00+00,2013/01/12 02:00:00+00,ASSAULT,ANTI-WHITE                                   ,,ASSAULT - 4TH DEGREE (MINOR INJURY),13B,PART II,COMPLETED,6TH DIVISION,612,OTHER / UNKNOWN,5600 BLOCK INDIAN OAKS CIR                                  ,LOUISVILLE,40219,3
80-17-019557,2017/03/09 20:26:00+00,2017/03/09 20:26:00+00,ASSAULT,ANTI-GENDER NON-CONFORMING                   ,,TERRORISTIC THREATENING 3RD DEGREE,13C,PART II,COMPLETED,6TH DIVISION,624,CYBERSPACE,4500 BLOCK S HURSTBOURNE PKY                                ,LOUISVILLE,40299,4
80-20-060485,2020/10/11 18:00:00+00,2020/10/11 18:00:00+00,ASSAULT,ANTI-HISPANIC                                ,,TERRORISTIC THREATENING 3RD DEGREE,13C,PART II,COMPLETED,7TH DIVISION,736,RESIDENCE / HOME,9100 BLOCK WILLOWCREEK DR                                   ,LOUISVILLE,40219,5
80-17-020603,2017/03/13 21:46:00+00,2017/03/13 21:30:00+00,ASSAULT,ANTI-BLACK                                   ,OTHER PERSON                                           ,MENACING,13C,PART II,COMPLETED,7TH DIVISION,723,HIGHWAY / ROAD / ALLEY,7500 BLOCK ASTRID WAY                                       ,LOUISVILLE,40228,6
80-13-003880,2013/01/16 23:45:00+00,2013/01/16 23:30:00+00,ASSAULT,ANTI-MALE HOMOSEXUAL (GAY)                   ,OTHER PERSON                                           ,HARASSMENT (NO PHYSICAL CONTACT),13C,PART II,COMPLETED,1ST DIVISION,134,COMMERCIAL / OFFICE BUILDING,100 BLOCK W MARKET ST                                       ,LOUISVILLE,40202,7
80-18-100579,2018/12/26 04:13:00+00,2018/12/25 23:00:00+00,VANDALISM,ANTI-ARAB                                    ,,CRIMINAL MISCHIEF - 1ST DEGREE,290,PART II,COMPLETED,8TH DIVISION,823,PARKING LOT / GARAGE,3400 BLOCK BELLISSIMA PL                                    ,LOUISVILLE,40245,8
80-20-062658,2020/10/21 05:40:00+00,2020/10/18 05:40:00+00,ASSAULT,ANTI-MULTI-RACIAL GROUP                      ,RESIDENCE                                              ,ASSAULT - 4TH DEGREE (NO VISIBLE INJURY),13B,PART II,COMPLETED,4TH DIVISION,412,RESIDENCE / HOME,1100 BLOCK SYLVIA ST                                        ,LOUISVILLE,40217,9
80-17-025849,2017/04/01 14:56:00+00,2017/03/29 14:40:00+00,ASSAULT,ANTI-OTHER RACE/ETHNICITY/ANCESTRY           ,BUSINESS                                               ,ASSAULT - 4TH DEGREE (NO VISIBLE INJURY),13B,PART II,COMPLETED,5TH DIVISION,521,HIGHWAY / ROAD / ALLEY,2000 BLOCK FRANKFORT AVE                                    ,LOUISVILLE,40206,10
80-13-012105,2013/02/18 22:45:00+00,2013/02/18 21:45:00+00,ASSAULT,ANTI-OTHER RACE/ETHNICITY/ANCESTRY           ,PUBLIC PROPERTY                                        ,ASSAULT - 4TH DEGREE (MINOR INJURY),13B,PART II,COMPLETED,4TH DIVISION,436,HIGHWAY / ROAD / ALLEY,500 BLOCK W SOUTHLAND BLVD                                  ,LOUISVILLE,40214,11
80-18-100579,2018/12/26 04:13:00+00,2018/12/25 23:00:00+00,OTHER,ANTI-OTHER RACE/ETHNICITY/ANCESTRY           ,,BIAS INVOLVED INCIDENT,90Z,PART II,COMPLETED,8TH DIVISION,823,PARKING LOT / GARAGE,3400 BLOCK BELLISSIMA PL                                    ,LOUISVILLE,40245,12
80-20-033504,2020/06/07 15:00:00+00,2020/06/07 05:00:00+00,VANDALISM,ANTI-MULTI-RACIAL GROUP                      ,RESIDENCE                                              ,CRIMINAL MISCHIEF-3RD DEGREE,290,PART II,COMPLETED,8TH DIVISION,823,RESIDENCE / HOME,500 BLOCK EDGEFOREST PL                                     ,LOUISVILLE,40245,13
80-17-062332,2017/08/02 01:01:00+00,2017/08/02 00:30:00+00,VANDALISM,ANTI-OTHER CHRISTIAN                         ,PLACE OF WORSHIP                                       ,CRIMINAL MISCHIEF-3RD DEGREE,290,PART II,COMPLETED,6TH DIVISION,625,CHURCH / SYNAGOGUE / TEMPLE,2400 BLOCK MERRIWOOD DR                                     ,LOUISVILLE,40299,14
80-13-020567,2013/03/24 03:45:00+00,2013/03/23 23:00:00+00,VANDALISM,ANTI-MALE HOMOSEXUAL (GAY)                   ,OTHER PROPERTY OWNED BY TARGET GROUP                   ,CRIMINAL MISCHIEF-3RD DEGREE,290,PART II,COMPLETED,1ST DIVISION,123,HIGHWAY / ROAD / ALLEY,N 6TH ST / W MAIN ST                                        ,LOUISVILLE,40202,15
80-20-034248,2020/06/10 20:57:00+00,2020/06/10 20:30:00+00,ASSAULT,ANTI-WHITE                                   ,OTHER PERSON                                           ,ASSAULT - 4TH DEGREE (MINOR INJURY),13B,PART II,COMPLETED,3RD DIVISION,315,GROCERY / SUPERMARKET,10400 BLOCK DIXIE HWY                                       ,LOUISVILLE,40272,16
80-20-063095,2020/10/23 00:11:00+00,2020/10/20 04:00:00+00,ASSAULT,ANTI-BLACK                                   ,,TERRORISTIC THREATENING 3RD DEGREE,13C,PART II,COMPLETED,6TH DIVISION,611,RESIDENCE / HOME,2400 BLOCK BRADLEY AVE                                      ,LOUISVILLE,40217,17
80-17-067071,2017/08/18 08:55:00+00,2017/08/18 07:40:00+00,ASSAULT,ANTI-BLACK                                   ,OTHER PERSON                                           ,TERRORISTIC THREATENING 3RD DEGREE,13C,PART II,COMPLETED,1ST DIVISION,123,HIGHWAY / ROAD / ALLEY,S 6TH ST / W MARKET ST                                      ,LOUISVILLE,40202,18
80-13-021363,2013/03/27 20:57:00+00,2013/03/27 20:10:00+00,ASSAULT,ANTI-BLACK                                   ,,HARASSMENT - PHYSICAL CONTACT - NO INJURY,13B,PART II,COMPLETED,2ND DIVISION,211,RESIDENCE / HOME,3800 BLOCK BANK ST                                          ,LOUISVILLE,40212,19
80-13-025618,2013/04/12 22:11:00+00,2013/04/12 21:30:00+00,ROBBERY,ANTI-WHITE                                   ,OTHER PERSON                                           ,ROBBERY - 1ST DEGREE,120,PART I,COMPLETED,7TH DIVISION,736,PARK / PLAYGROUND,1100 BLOCK CLAY AVE                                         ,LOUISVILLE,40219,20
80-13-031364,2013/05/03 20:40:00+00,2013/05/03 11:00:00+00,VANDALISM,ANTI-OTHER RACE/ETHNICITY/ANCESTRY           ,RESIDENCE                                              ,CRIMINAL MISCHIEF - 1ST DEGREE,290,PART II,COMPLETED,6TH DIVISION,625,OTHER RESIDENCE (APARTMENT/CONDO),4200 BLOCK WALLINGFORD LN                                   ,LOUISVILLE,40218,21
80-13-046379,2013/06/24 00:47:00+00,2013/06/24 00:47:00+00,ASSAULT,ANTI-MALE HOMOSEXUAL (GAY)                   ,,ASSAULT - 4TH DEGREE (MINOR INJURY),13B,PART II,COMPLETED,6TH DIVISION,612,HIGHWAY / ROAD / ALLEY,5100 BLOCK CRAFTY DR                                        ,LOUISVILLE,40213,22
80-13-046456,2013/06/24 11:47:00+00,2013/06/24 10:00:00+00,ASSAULT,ANTI-BLACK                                   ,OTHER PERSON                                           ,ASSAULT - 2ND DEGREE,13A,PART I,COMPLETED,1ST DIVISION,135,HIGHWAY / ROAD / ALLEY,E BROADWAY / S CAMPBELL ST                                  ,LOUISVILLE,40204,23
80-13-049954,2013/07/06 20:39:00+00,2013/07/06 13:00:00+00,OTHER,ANTI-FEMALE HOMOSEXUAL (LESBIAN)             ,OTHER PROPERTY                                         ,HARASSING COMMUNICATIONS,90Z,PART II,COMPLETED,7TH DIVISION,711,RESIDENCE / HOME,6500 BLOCK KEELING PLACE RD                                 ,LOUISVILLE,40291,24
80-13-049954,2013/07/06 20:39:00+00,2013/07/06 13:00:00+00,ASSAULT,ANTI-FEMALE HOMOSEXUAL (LESBIAN)             ,OTHER PROPERTY                                         ,TERRORISTIC THREATENING 3RD DEGREE,13C,PART II,COMPLETED,7TH DIVISION,711,RESIDENCE / HOME,6500 BLOCK KEELING PLACE RD                                 ,LOUISVILLE,40291,25
80-13-049954,2013/07/06 20:39:00+00,2013/07/06 13:00:00+00,ASSAULT,ANTI-FEMALE HOMOSEXUAL (LESBIAN)             ,OTHER PROPERTY                                         ,MENACING,13C,PART II,COMPLETED,7TH DIVISION,711,RESIDENCE / HOME,6500 BLOCK KEELING PLACE RD                                 ,LOUISVILLE,40291,26
80-13-051746,2013/07/13 14:45:00+00,2013/07/13 14:45:00+00,ASSAULT,ANTI-WHITE                                   ,OTHER PERSON                                           ,WANTON ENDANGERMENT-1ST DEGREE-POLICE OFFICER,13A,PART I,COMPLETED,2ND DIVISION,211,HIGHWAY / ROAD / ALLEY,4100 BLOCK HERMAN ST                                        ,LOUISVILLE,40212,27
80-13-054769,2013/07/23 20:41:00+00,2013/07/23 20:35:00+00,ASSAULT,ANTI-BLACK                                   ,OTHER PERSON                                           ,WANTON ENDANGERMENT-2ND DEGREE,13C,PART II,COMPLETED,3RD DIVISION,315,PARKING LOT / GARAGE,5600 BLOCK JOHNSONTOWN RD                                   ,LOUISVILLE,40272,28
80-13-062752,2013/08/20 08:27:00+00,2013/08/20 08:27:00+00,VANDALISM,ANTI-ARAB                                    ,RESIDENCE                                              ,CRIMINAL MISCHIEF-3RD DEGREE,290,PART II,COMPLETED,3RD DIVISION,331,RESIDENCE / HOME,4900 BLOCK GRASTON AVE                                      ,LOUISVILLE,40216,29
80-13-078765,2013/10/14 04:26:00+00,2013/10/14 04:06:00+00,ASSAULT,ANTI-MULTI-RACIAL GROUP                      ,,WANTON ENDANGERMENT-1ST DEGREE,13A,PART I,COMPLETED,3RD DIVISION,322,HIGHWAY / ROAD / ALLEY,5300 BLOCK PARK RD                                          ,LOUISVILLE,40214,30
80-13-097141,2013/12/20 00:45:00+00,2013/12/20 00:35:00+00,VANDALISM,ANTI-WHITE                                   ,RESIDENCE                                              ,CRIMINAL MISCHIEF-2ND DEGREE,290,PART II,COMPLETED,2ND DIVISION,211,RESIDENCE / HOME,600 BLOCK S 35TH ST                                         ,LOUISVILLE,40211,31
80-14-000717,2014/01/03 21:55:00+00,2014/01/02 13:00:00+00,VANDALISM,ANTI-HISPANIC                                ,RESIDENCE                                              ,CRIMINAL MISCHIEF-3RD DEGREE,290,PART II,COMPLETED,6TH DIVISION,612,RESIDENCE / HOME,4400 BLOCK BREITENSTEIN AVE                                 ,LOUISVILLE,40213,32
80-14-011780,2014/02/17 15:56:00+00,2014/02/14 20:15:00+00,ASSAULT,ANTI-ARAB                                    ,,ASSAULT - 4TH DEGREE (NO VISIBLE INJURY),13B,PART II,COMPLETED,1ST DIVISION,123,COMMERCIAL / OFFICE BUILDING,400 BLOCK S 4TH ST                                          ,LOUISVILLE,40202,33
80-14-014522,2014/02/28 16:39:00+00,2014/02/28 08:15:00+00,ASSAULT,ANTI-WHITE                                   ,,ASSAULT - 4TH DEGREE (MINOR INJURY),13B,PART II,COMPLETED,1ST DIVISION,123,HIGHWAY / ROAD / ALLEY,1000 BLOCK FISK CT                                          ,LOUISVILLE,40203,34
80-15-104673,2015/12/23 20:10:00+00,2015/12/23 18:00:00+00,VANDALISM,ANTI-ISLAMIC (MUSLIM)                        ,RESIDENCE                                              ,CRIMINAL MISCHIEF-3RD DEGREE,290,PART II,COMPLETED,6TH DIVISION,624,RESIDENCE / HOME,4500 BLOCK FALLEN APPLE LN                                  ,LOUISVILLE,40218,35
80-15-093125,2015/11/16 12:48:00+00,2015/11/16 12:48:00+00,ASSAULT,ANTI-WHITE                                   ,OTHER PERSON                                           ,MENACING,13C,PART II,COMPLETED,3RD DIVISION,315,SCHOOL - ELEMENTARY / SECONDARY,10200 BLOCK DIXIE HWY                                       ,LOUISVILLE,40272,36
80-15-050856,2015/07/02 19:00:00+00,2015/07/02 18:00:00+00,ASSAULT,ANTI-WHITE                                   ,,ASSAULT - 4TH DEGREE (MINOR INJURY),13B,PART II,COMPLETED,4TH DIVISION,423,RESIDENCE / HOME,3700 BLOCK PARTHENIA AVE                                    ,LOUISVILLE,40215,37
80-15-021683,2015/03/26 15:04:00+00,2015/03/26 04:29:00+00,ASSAULT,ANTI-BLACK                                   ,,ASSAULT - 4TH DEGREE (MINOR INJURY),13B,PART II,COMPLETED,5TH DIVISION,512,BAR / NIGHT CLUB,600 BLOCK BARRET AVE                                        ,LOUISVILLE,40204,38
80-15-006428,2015/01/25 16:43:00+00,2015/01/25 15:30:00+00,ASSAULT,ANTI-WHITE                                   ,OTHER PERSON                                           ,TERRORISTIC THREATENING 3RD DEGREE,13C,PART II,COMPLETED,4TH DIVISION,436,PARKING LOT / GARAGE,500 BLOCK W ASHLAND AVE                                     ,LOUISVILLE,40214,39
80-14-094959,2014/12/10 14:03:00+00,2014/11/21 02:00:00+00,ASSAULT,ANTI-BLACK                                   ,BUSINESS                                               ,ASSAULT - 4TH DEGREE (NO VISIBLE INJURY),13B,PART II,COMPLETED,8TH DIVISION,811,DOCK/WHARF/FREIGHT/MODAL TERMINAL,3000 BLOCK CHAMBERLAIN LN                                   ,LOUISVILLE,40241,40
80-14-088620,2014/11/16 03:41:00+00,2014/11/16 02:00:00+00,ASSAULT,ANTI-MENTAL DISABILITY                       ,,WANTON ENDANGERMENT-1ST DEGREE,13A,PART I,COMPLETED,2ND DIVISION,225,RESIDENCE / HOME,2100 BLOCK W HILL ST                                        ,LOUISVILLE,40210,41
80-14-081567,2014/10/22 23:54:00+00,2014/10/22 23:50:00+00,ASSAULT,ANTI-WHITE                                   ,OTHER PERSON                                           ,ASSAULT - 2ND DEGREE,13A,PART I,COMPLETED,1ST DIVISION,112,PARK / PLAYGROUND,S 17TH ST / MAGAZINE ST                                     ,LOUISVILLE,40203,42
80-14-065211,2014/08/28 16:22:00+00,2014/06/11 17:55:00+00,OTHER,ANTI-FEMALE HOMOSEXUAL (LESBIAN)             ,CLERGY / RELIGIOUS PERSONS                             ,HARASSING COMMUNICATIONS,90Z,PART II,COMPLETED,4TH DIVISION,411,CHURCH / SYNAGOGUE / TEMPLE,300 BLOCK W KENTUCKY ST                                     ,LOUISVILLE,40203,43
80-14-058985,2014/08/07 16:19:00+00,2014/08/05 16:45:00+00,ASSAULT,ANTI-TRANSGENDER                             ,,ASSAULT - 2ND DEGREE,13A,PART I,COMPLETED,1ST DIVISION,112,HIGHWAY / ROAD / ALLEY,S 15TH ST / W BROADWAY                                      ,LOUISVILLE,40203,44
80-14-049644,2014/07/05 18:39:00+00,2014/07/05 00:30:00+00,ASSAULT,ANTI-BLACK                                   ,OTHER PERSON                                           ,ASSAULT - 1ST DEGREE,13A,PART I,COMPLETED,6TH DIVISION,611,RESIDENCE / HOME,1400 BLOCK TAYLOR AVE                                       ,LOUISVILLE,40213,45
80-14-049398,2014/07/04 20:22:00+00,2014/07/04 20:22:00+00,ASSAULT,ANTI-BLACK                                   ,,WANTON ENDANGERMENT-2ND DEGREE,13C,PART II,COMPLETED,6TH DIVISION,611,PARK / PLAYGROUND,1600 BLOCK LINCOLN AVE                                      ,LOUISVILLE,40213,46
80-14-023546,2014/04/05 01:18:00+00,2014/04/05 01:18:00+00,ROBBERY,ANTI-WHITE                                   ,,ROBBERY - 2ND DEGREE,120,PART I,COMPLETED,1ST DIVISION,111,PARK / PLAYGROUND,LAPORTE PARK                                                ,LOUISVILLE,40212,47
80-14-021023,2014/03/26 14:49:00+00,2014/03/25 20:00:00+00,VANDALISM,ANTI-PROTESTANT                              ,,CRIMINAL MISCHIEF - 1ST DEGREE,290,PART II,COMPLETED,7TH DIVISION,724,CHURCH / SYNAGOGUE / TEMPLE,5400 BLOCK MOUNT WASHINGTON RD                              ,LOUISVILLE,40229,48
80-16-061950,2016/07/22 01:50:00+00,2016/07/22 01:00:00+00,ASSAULT,ANTI-TRANSGENDER                             ,OTHER PERSON                                           ,ASSAULT - 4TH DEGREE (MINOR INJURY),13B,PART II,COMPLETED,7TH DIVISION,711,LIQUOR STORE,6700 BLOCK BARDSTOWN RD                                     ,LOUISVILLE,40291,49
80-16-051263,2016/06/16 23:18:00+00,2016/06/16 14:30:00+00,OTHER,ANTI-ISLAMIC (MUSLIM)                        ,OTHER PERSON                                           ,HARASSING COMMUNICATIONS,90Z,PART II,COMPLETED,1ST DIVISION,123,"SPECIALTY STORE (TV, FUR, ETC)",500 BLOCK S 3RD ST                                          ,LOUISVILLE,40202,50
80-16-035610,2016/04/27 23:00:00+00,2016/04/26 23:30:00+00,ASSAULT,ANTI-TRANSGENDER                             ,,TERRORISTIC THREATENING 3RD DEGREE,13C,PART II,COMPLETED,5TH DIVISION,512,SCHOOL - COLLEGE / UNIVERSITY,1200 BLOCK CHEROKEE RD                                      ,LOUISVILLE,40204,51
80-16-033783,2016/04/22 17:35:00+00,2016/04/22 16:00:00+00,ASSAULT,ANTI-JEWISH                                  ,OTHER PERSON                                           ,TERRORISTIC THREATENING 2ND DEGREE,13C,PART II,COMPLETED,3RD DIVISION,331,SCHOOL - COLLEGE / UNIVERSITY,5900 BLOCK GREENWOOD RD                                     ,LOUISVILLE,40258,52
80-16-018148,2016/03/03 00:11:00+00,2016/03/01 21:00:00+00,ASSAULT,ANTI-TRANSGENDER                             ,OTHER PROPERTY                                         ,ASSAULT - 4TH DEGREE (NO VISIBLE INJURY),13B,PART II,COMPLETED,1ST DIVISION,123,GOVERNMENT / PUBLIC BUILDING,200 BLOCK S 4TH ST                                          ,LOUISVILLE,40202,53
80-16-018010,2016/03/02 17:10:00+00,2016/03/01 21:30:00+00,ASSAULT,ANTI-BLACK                                   ,OTHER PROPERTY                                         ,ASSAULT - 4TH DEGREE (NO VISIBLE INJURY),13B,PART II,COMPLETED,1ST DIVISION,123,FAIRGROUNDS / STADIUM / ARENA,200 BLOCK S 4TH ST                                          ,LOUISVILLE,40202,54
80-16-002971,2016/01/08 18:23:00+00,2016/01/08 18:23:00+00,ASSAULT,ANTI-ISLAMIC (MUSLIM)                        ,PLACE OF WORSHIP                                       ,HARASSMENT (NO PHYSICAL CONTACT),13C,PART II,COMPLETED,8TH DIVISION,812,OTHER / UNKNOWN,8200 BLOCK OLD WESTPORT RD                                  ,LOUISVILLE,40222,55
80-16-065343,2016/08/01 23:36:00+00,2016/07/09 23:36:00+00,ASSAULT,ANTI-BLACK                                   ,OTHER PERSON                                           ,TERRORISTIC THREATENING 3RD DEGREE,13C,PART II,COMPLETED,7TH DIVISION,723,OTHER / UNKNOWN,7200 BLOCK OUTER LOOP                                       ,LOUISVILLE,40228,56
80-16-080379,2016/09/19 15:21:00+00,2016/09/19 15:21:00+00,ASSAULT,ANTI-TRANSGENDER                             ,,TERRORISTIC THREATENING 3RD DEGREE,13C,PART II,COMPLETED,3RD DIVISION,331,SCHOOL - COLLEGE / UNIVERSITY,5900 BLOCK GREENWOOD RD                                     ,LOUISVILLE,40258,57
80-15-062512,2015/08/10 13:55:00+00,2015/08/10 13:00:00+00,ASSAULT,ANTI-BLACK                                   ,OTHER PERSON                                           ,TERRORISTIC THREATENING 3RD DEGREE,13C,PART II,COMPLETED,6TH DIVISION,624,COMMERCIAL / OFFICE BUILDING,4900 BLOCK HELLER ST                                        ,LOUISVILLE,40218,58
80-15-054836,2015/07/16 13:21:00+00,2015/07/12 21:00:00+00,ASSAULT,ANTI-MALE HOMOSEXUAL (GAY)                   ,OTHER PERSON                                           ,HARASSMENT - PHYSICAL CONTACT - NO INJURY,13B,PART II,COMPLETED,8TH DIVISION,815,DRUG STORE/DR`S OFFICE/HOSPITAL,8500 BLOCK LA GRANGE RD                                     ,LYNDON,40242,59
80-16-080981,2016/09/21 07:42:00+00,2016/09/21 07:35:00+00,ASSAULT,ANTI-BLACK                                   ,OTHER PERSON                                           ,TERRORISTIC THREATENING 3RD DEGREE,13C,PART II,COMPLETED,7TH DIVISION,724,HIGHWAY / ROAD / ALLEY,4000 BLOCK HISPANYOLA CT                                    ,LOUISVILLE,40229,60
80-16-089298,2016/10/18 15:14:00+00,2016/10/18 03:00:00+00,VANDALISM,ANTI-ISLAMIC (MUSLIM)                        ,RESIDENCE                                              ,CRIMINAL MISCHIEF-3RD DEGREE,290,PART II,COMPLETED,6TH DIVISION,625,OTHER RESIDENCE (APARTMENT/CONDO),2900 BLOCK BRINKEY WAY                                      ,LOUISVILLE,40218,61
80-15-016945,2015/03/10 02:00:00+00,2015/03/09 20:20:00+00,ASSAULT,ANTI-BLACK                                   ,OTHER PERSON                                           ,TERRORISTIC THREATENING 3RD DEGREE,13C,PART II,COMPLETED,5TH DIVISION,521,GROCERY / SUPERMARKET,2200 BLOCK BROWNSBORO RD                                    ,LOUISVILLE,40206,62
80-16-096663,2016/11/11 11:20:00+00,2016/11/11 09:30:00+00,VANDALISM,ANTI-BLACK                                   ,OTHER PERSON                                           ,CRIMINAL MISCHIEF-2ND DEGREE,290,PART II,COMPLETED,7TH DIVISION,724,RESIDENCE / HOME,9400 BLOCK CHAMBERS WAY                                     ,LOUISVILLE,40229,63
80-16-108865,2016/12/08 15:05:00+00,2016/11/18 02:57:00+00,FRAUD,ANTI-BLACK                                   ,OTHER PERSON                                           ,THEFT BY EXTORTION,210,PART II,ATTEMPTED,METRO LOUISVILLE,METRO,CYBERSPACE,COMMUNITY AT LARGE,LOUISVILLE,40056,64
80-16-108865,2016/12/08 15:05:00+00,2016/11/18 02:57:00+00,ASSAULT,ANTI-BLACK                                   ,OTHER PERSON                                           ,TERRORISTIC THREATENING 3RD DEGREE,13C,PART II,COMPLETED,METRO LOUISVILLE,METRO,CYBERSPACE,COMMUNITY AT LARGE,LOUISVILLE,40056,65
80-14-085670,2014/11/05 21:46:00+00,2014/11/05 21:30:00+00,ASSAULT,ANTI-GLBT (AS A GROUP)                       ,OTHER PROPERTY OWNED BY TARGET GROUP                   ,HARASSMENT - PHYSICAL CONTACT - NO INJURY,13B,PART II,COMPLETED,5TH DIVISION,521,OTHER / UNKNOWN,2300 BLOCK FRANKFORT AVE                                    ,LOUISVILLE,40206,66
80-16-109084,2016/12/23 00:42:00+00,2016/12/23 00:30:00+00,VANDALISM,ANTI-MALE HOMOSEXUAL (GAY)                   ,RESIDENCE                                              ,CRIMINAL MISCHIEF-3RD DEGREE,290,PART II,COMPLETED,3RD DIVISION,322,RESIDENCE / HOME,5300 BLOCK BUCKNER AVE                                      ,LOUISVILLE,40214,67
80-17-008039,2017/01/27 21:28:00+00,2017/01/27 10:19:00+00,OTHER,ANTI-JEWISH                                  ,PLACE OF WORSHIP                                       ,HARASSING COMMUNICATIONS,90Z,PART II,COMPLETED,6TH DIVISION,625,CHURCH / SYNAGOGUE / TEMPLE,4600 BLOCK LOWE RD                                          ,LOUISVILLE,40220,68
80-17-008391,2017/01/29 06:22:00+00,2017/01/29 06:10:00+00,VANDALISM,ANTI-BLACK                                   ,RESIDENCE                                              ,CRIMINAL MISCHIEF-2ND DEGREE,290,PART II,COMPLETED,2ND DIVISION,236,RESIDENCE / HOME,5000 BLOCK S OVERBROOK DR                                   ,LOUISVILLE,40216,69
80-17-019236,2017/03/08 16:43:00+00,2017/03/08 05:30:00+00,ASSAULT,ANTI-JEWISH                                  ,OTHER PROPERTY OWNED BY TARGET GROUP                   ,TERRORISTIC THREATENING 3RD DEGREE,13C,PART II,COMPLETED,5TH DIVISION,514,COMMUNITY CENTER,3600 BLOCK DUTCHMANS LN                                     ,LOUISVILLE,40205,70
80-20-065389,2020/11/02 16:27:00+00,2020/10/21 14:00:00+00,SEX CRIMES,ANTI-WHITE                                   ,OTHER PERSON                                           ,RAPE - 1ST DEGREE,11A,PART I,COMPLETED,5TH DIVISION,521,RESIDENCE / HOME,2600 BLOCK LE BLANC CT                                      ,LOUISVILLE,40206,71
80-20-062997,2020/10/22 16:27:00+00,2020/10/09 16:00:00+00,ASSAULT,ANTI-BLACK                                   ,,TERRORISTIC THREATENING 3RD DEGREE,13C,PART II,COMPLETED,5TH DIVISION,525,"SPECIALTY STORE (TV, FUR, ETC)",4400 BLOCK SHELBYVILLE RD                                   ,LOUISVILLE,40207,72
80-21-061951,2021/10/21 02:01:00+00,2021/10/21 00:55:00+00,ASSAULT,ANTI-BLACK                                   ,,HARASSMENT (NO PHYSICAL CONTACT),13C,PART II,COMPLETED,8TH DIVISION,823,RESIDENCE / HOME,500 BLOCK EDGEFOREST PL                                     ,LOUISVILLE,40245,73
80-21-061951,2021/10/21 02:01:00+00,2021/10/21 00:55:00+00,DISTURBING THE PEACE,ANTI-BLACK                                   ,,CRIMINAL TRESPASSING-3RD DEGREE,90J,PART II,COMPLETED,8TH DIVISION,823,RESIDENCE / HOME,500 BLOCK EDGEFOREST PL                                     ,LOUISVILLE,40245,74
80-21-067170,2021/11/15 01:16:00+00,2021/11/15 01:00:00+00,VANDALISM,ANTI-HISPANIC                                ,OTHER PROPERTY                                         ,CRIMINAL MISCHIEF-2ND DEGREE,290,PART II,COMPLETED,6TH DIVISION,625,PARKING LOT / GARAGE,2600 BLOCK MEADOW DR                                        ,LOUISVILLE,40220,75
80-21-069721,2021/11/28 13:32:00+00,2021/11/27 13:32:00+00,OTHER,ANTI-BLACK                                   ,,HARASSING COMMUNICATIONS,90Z,PART II,COMPLETED,6TH DIVISION,612,OTHER RESIDENCE (APARTMENT/CONDO),5500 BLOCK INDIAN OAKS CIR                                  ,LOUISVILLE,40219,76
80-21-076153,2021/12/31 14:45:00+00,2021/12/31 14:30:00+00,ASSAULT,ANTI-ARAB                                    ,OTHER PERSON                                           ,TERRORISTIC THREATENING 3RD DEGREE,13C,PART II,COMPLETED,8TH DIVISION,811,"SPECIALTY STORE (TV, FUR, ETC)",4100 BLOCK MURPHY LN                                        ,LOUISVILLE,40241,77
80-22-012929,2022/03/10 19:59:00+00,2022/03/09 21:00:00+00,ASSAULT,ANTI-BLACK                                   ,,WANTON ENDANGERMENT-1ST DEGREE,13A,PART I,COMPLETED,3RD DIVISION,322,RESTAURANT,5400 BLOCK NEW CUT RD                                       ,LOUISVILLE,40214,78
80-20-035437,2020/06/16 14:24:00+00,2020/06/16 07:26:00+00,VANDALISM,ANTI-BLACK                                   ,,CRIMINAL MISCHIEF-2ND DEGREE,290,PART II,COMPLETED,8TH DIVISION,823,RESIDENCE / HOME,500 BLOCK EDGEFOREST PL                                     ,LOUISVILLE,40245,79
80-22-014806,2022/03/20 15:58:00+00,2022/03/20 15:00:00+00,ASSAULT,ANTI-BLACK                                   ,,TERRORISTIC THREATENING 3RD DEGREE,13C,PART II,COMPLETED,3RD DIVISION,315,RESIDENCE / HOME,9900 BLOCK LOWER RIVER RD                                   ,LOUISVILLE,40272,80
80-22-015469,2022/03/23 20:26:00+00,2022/03/23 20:00:00+00,ASSAULT,ANTI-JEWISH                                  ,,TERRORISTIC THREATENING 1ST DEGREE,13C,PART II,COMPLETED,5TH DIVISION,514,CHURCH / SYNAGOGUE / TEMPLE,3600 BLOCK DUTCHMANS LN                                     ,LOUISVILLE,40205,81
80-22-022201,2022/04/25 19:40:00+00,2022/04/25 00:00:00+00,ROBBERY,ANTI-WHITE                                   ,,ROBBERY - 2ND DEGREE,120,PART I,COMPLETED,1ST DIVISION,135,HIGHWAY / ROAD / ALLEY,E BROADWAY / S SHELBY ST                                    ,LOUISVILLE,40202,82
80-22-024242,2022/05/05 08:42:00+00,2022/05/05 07:30:00+00,ASSAULT,ANTI-BLACK                                   ,,ASSAULT - 4TH DEGREE (MINOR INJURY),13B,PART II,COMPLETED,5TH DIVISION,512,HIGHWAY / ROAD / ALLEY,1100 BLOCK BARDSTOWN RD                                     ,LOUISVILLE,40204,83
80-17-069187,2017/08/25 15:29:00+00,2017/08/25 15:15:00+00,ASSAULT,ANTI-OTHER RACE/ETHNICITY/ANCESTRY           ,,TERRORISTIC THREATENING 3RD DEGREE,13C,PART II,COMPLETED,7TH DIVISION,735,DEPARTMENT / DISCOUNT STORE,4800 BLOCK OUTER LOOP                                       ,LOUISVILLE,40219,84
80-22-024242,2022/05/05 08:42:00+00,2022/05/05 07:30:00+00,VANDALISM,ANTI-BLACK                                   ,,CRIMINAL MISCHIEF-2ND DEGREE,290,PART II,COMPLETED,5TH DIVISION,512,HIGHWAY / ROAD / ALLEY,1100 BLOCK BARDSTOWN RD                                     ,LOUISVILLE,40204,85
80-22-028024,2022/05/22 00:13:00+00,2022/05/21 21:30:00+00,ASSAULT,ANTI-HISPANIC                                ,,MENACING,13C,PART II,COMPLETED,7TH DIVISION,724,SERVICE / GAS STATION,@I65N AT I265                                               ,LOUISVILLE,40229,86
80-22-028024,2022/05/22 00:13:00+00,2022/05/21 21:30:00+00,VANDALISM,ANTI-HISPANIC                                ,,CRIMINAL MISCHIEF - 1ST DEGREE,290,PART II,COMPLETED,7TH DIVISION,724,HIGHWAY / ROAD / ALLEY,@I65N AT I265                                               ,LOUISVILLE,40229,87
80-22-029758,2022/05/30 18:13:00+00,2022/05/30 18:13:00+00,ASSAULT,ANTI-MALE HOMOSEXUAL (GAY)                   ,,HARASSMENT (NO PHYSICAL CONTACT),13C,PART II,COMPLETED,2ND DIVISION,223,RESIDENCE / HOME,1500 BLOCK W ORMSBY AVE                                     ,LOUISVILLE,40210,88
80-22-030633,2022/06/03 05:28:00+00,2022/06/03 04:46:00+00,ASSAULT,ANTI-JEWISH                                  ,,TERRORISTIC THREATENING 2ND DEGREE,13C,PART II,COMPLETED,5TH DIVISION,514,COMMUNITY CENTER,3600 BLOCK DUTCHMANS LN                                     ,LOUISVILLE,40205,89
80-22-030751,2022/06/03 19:30:00+00,2022/06/03 18:30:00+00,ASSAULT,ANTI-BLACK                                   ,,TERRORISTIC THREATENING 3RD DEGREE,13C,PART II,COMPLETED,4TH DIVISION,436,RESIDENCE / HOME,0 BLOCK COLONIAL OAKS CT                                    ,LOUISVILLE,40214,90
80-22-041856,2022/07/24 18:07:00+00,2022/07/24 18:07:00+00,ASSAULT,ANTI-OTHER RACE/ETHNICITY/ANCESTRY           ,OTHER PERSON                                           ,WANTON ENDANGERMENT-1ST DEGREE,13A,PART I,COMPLETED,7TH DIVISION,736,RESIDENCE / HOME,8300 BLOCK PONSIT LN                                        ,LOUISVILLE,40219,91
80-22-041856,2022/07/24 18:07:00+00,2022/07/24 18:07:00+00,ASSAULT,ANTI-OTHER RACE/ETHNICITY/ANCESTRY           ,OTHER PERSON                                           ,TERRORISTIC THREATENING 1ST DEGREE,13C,PART II,COMPLETED,7TH DIVISION,736,RESIDENCE / HOME,8300 BLOCK PONSIT LN                                        ,LOUISVILLE,40219,92
80-22-045620,2022/08/10 16:39:00+00,2022/08/10 16:07:00+00,ASSAULT,ANTI-BLACK                                   ,,HARASSMENT - PHYSICAL CONTACT - NO INJURY,13B,PART II,COMPLETED,8TH DIVISION,812,RESIDENCE / HOME,2500 BLOCK HAYWARD RD                                       ,LOUISVILLE,40241,93
80-22-051792,2022/09/08 00:05:00+00,2022/09/07 23:37:00+00,ASSAULT,ANTI-WHITE                                   ,RESIDENCE                                              ,TERRORISTIC THREATENING 3RD DEGREE,13C,PART II,COMPLETED,8TH DIVISION,824,RESIDENCE / HOME,400 BLOCK ROCKSTONE PL                                      ,LOUISVILLE,40243,94
80-22-052200,2022/09/09 20:14:00+00,2022/09/09 20:00:00+00,ASSAULT,ANTI-BLACK                                   ,OTHER PERSON                                           ,HARASSMENT (NO PHYSICAL CONTACT),13C,PART II,COMPLETED,1ST DIVISION,123,OTHER RESIDENCE (APARTMENT/CONDO),800 BLOCK W MUHAMMAD ALI BLVD                               ,LOUISVILLE,40203,95
80-22-057084,2022/10/02 01:18:00+00,2022/10/02 01:00:00+00,ASSAULT,ANTI-BLACK                                   ,,TERRORISTIC THREATENING 3RD DEGREE,13C,PART II,COMPLETED,4TH DIVISION,436,RESIDENCE / HOME,4700 BLOCK S 3RD ST                                         ,LOUISVILLE,40214,96
80-22-057454,2022/10/03 20:15:00+00,2022/10/03 18:30:00+00,ASSAULT,ANTI-WHITE                                   ,OTHER PERSON                                           ,ASSAULT - 2ND DEGREE,13A,PART I,COMPLETED,2ND DIVISION,225,RESIDENCE / HOME,S 11TH ST / W HILL ST                                       ,LOUISVILLE,40210,97
80-22-059097,2022/10/10 22:41:00+00,2022/10/10 22:35:00+00,ASSAULT,ANTI-MALE HOMOSEXUAL (GAY)                   ,,ASSAULT - 4TH DEGREE (NO VISIBLE INJURY),13B,PART II,COMPLETED,3RD DIVISION,323,RESIDENCE / HOME,7600 BLOCK GARRISON RD                                      ,LOUISVILLE,40214,98
80-22-059550,2022/10/13 01:40:00+00,2022/10/13 01:00:00+00,ASSAULT,ANTI-HISPANIC                                ,,WANTON ENDANGERMENT-1ST DEGREE,13A,PART I,COMPLETED,1ST DIVISION,111,HIGHWAY / ROAD / ALLEY,2400 BLOCK ROWAN ST                                         ,LOUISVILLE,40212,99
80-22-062554,2022/10/26 22:39:00+00,2022/10/26 22:31:00+00,ASSAULT,ANTI-BLACK                                   ,,TERRORISTIC THREATENING 3RD DEGREE,13C,PART II,COMPLETED,8TH DIVISION,811,SERVICE / GAS STATION,11300 BLOCK WESTPORT RD                                     ,LOUISVILLE,40241,100
80-22-062927,2022/10/28 16:54:00+00,2022/10/28 15:00:00+00,ASSAULT,ANTI-ISLAMIC (MUSLIM)                        ,,HARASSMENT (NO PHYSICAL CONTACT),13C,PART II,COMPLETED,6TH DIVISION,624,CEMETERY / GRAVEYARD,4600 BLOCK BARDSTOWN RD                                     ,LOUISVILLE,40218,101
80-22-062942,2022/10/28 17:56:00+00,2022/10/27 04:00:00+00,ASSAULT,ANTI-BLACK                                   ,OTHER PERSON                                           ,TERRORISTIC THREATENING 3RD DEGREE,13C,PART II,COMPLETED,7TH DIVISION,735,PARKING LOT / GARAGE,6100 BLOCK CHERRY HILL CT                                   ,LOUISVILLE,40229,102
80-22-066311,2022/11/12 05:26:00+00,2022/11/12 05:05:00+00,VANDALISM,ANTI-WHITE                                   ,OTHER PROPERTY                                         ,CRIMINAL MISCHIEF-3RD DEGREE,290,PART II,COMPLETED,2ND DIVISION,223,HIGHWAY / ROAD / ALLEY,1800 BLOCK GREENWOOD AVE                                    ,LOUISVILLE,40210,103
80-22-066326,2022/11/12 09:37:00+00,2022/11/12 09:03:00+00,ASSAULT,ANTI-MENTAL DISABILITY                       ,,HARASSMENT - PHYSICAL CONTACT - NO INJURY,13B,PART II,COMPLETED,1ST DIVISION,135,OTHER / UNKNOWN,100 BLOCK W JEFFERSON ST                                    ,LOUISVILLE,40202,104
80-22-068468,2022/11/22 18:56:00+00,2022/11/22 17:56:00+00,ASSAULT,ANTI-WHITE                                   ,,TERRORISTIC THREATENING 3RD DEGREE,13C,PART II,COMPLETED,3RD DIVISION,331,DEPARTMENT / DISCOUNT STORE,5100 BLOCK DIXIE HWY                                        ,LOUISVILLE,40216,105
80-22-069725,2022/11/28 18:52:00+00,2022/11/28 18:51:00+00,ASSAULT,ANTI-JEWISH                                  ,PLACE OF WORSHIP                                       ,TERRORISTIC THREATENING 2ND DEGREE,13C,PART II,COMPLETED,8TH DIVISION,812,CHURCH / SYNAGOGUE / TEMPLE,5100 BLOCK U S HIGHWAY 42                                   ,LOUISVILLE,40241,106
80-22-070397,2022/11/30 23:27:00+00,2022/11/28 11:00:00+00,VANDALISM,ANTI-BLACK                                   ,PUBLIC PROPERTY                                        ,CRIMINAL MISCHIEF-3RD DEGREE,290,PART II,COMPLETED,8TH DIVISION,812,CONSTRUCTION SITE,4900 BLOCK BROWNSBORO RD                                    ,LOUISVILLE,40222,107
80-22-072088,2022/12/08 13:39:00+00,2022/12/08 05:00:00+00,VANDALISM,ANTI-BLACK                                   ,OTHER PROPERTY                                         ,CRIMINAL MISCHIEF-3RD DEGREE,290,PART II,COMPLETED,2ND DIVISION,236,RESIDENCE / HOME,4600 BLOCK E OVERBROOK DR                                   ,LOUISVILLE,40216,108
80-22-072841,2022/12/11 17:09:00+00,2022/12/11 15:45:00+00,VANDALISM,ANTI-JEWISH                                  ,,CRIMINAL MISCHIEF-3RD DEGREE,290,PART II,COMPLETED,5TH DIVISION,513,PARK / PLAYGROUND,CHEROKEE RD / DINGLE RD                                     ,LOUISVILLE,40205,109
80-22-073067,2022/12/12 17:48:00+00,2022/12/12 17:40:00+00,ASSAULT,ANTI-GLBT (AS A GROUP)                       ,OTHER PERSON                                           ,HARASSMENT - PHYSICAL CONTACT - NO INJURY,13B,PART II,COMPLETED,1ST DIVISION,123,HIGHWAY / ROAD / ALLEY,800 BLOCK W MAIN ST                                         ,LOUISVILLE,40202,110
80-22-073132,2022/12/12 21:00:00+00,2022/11/26 19:00:00+00,VANDALISM,ANTI-JEWISH                                  ,OTHER PROPERTY                                         ,CRIMINAL MISCHIEF-3RD DEGREE,290,PART II,COMPLETED,5TH DIVISION,512,HIGHWAY / ROAD / ALLEY,@7.8 I64W                                                   ,LOUISVILLE,40206,111
80-22-073338,2022/12/13 18:22:00+00,2022/12/01 21:30:00+00,VANDALISM,ANTI-JEWISH                                  ,OTHER PROPERTY                                         ,CRIMINAL MISCHIEF-3RD DEGREE,290,PART II,COMPLETED,6TH DIVISION,611,HIGHWAY / ROAD / ALLEY,PRESTON HWY AT I264                                         ,LOUISVILLE,40213,112
80-23-003161,2023/01/14 22:36:00+00,2023/01/14 22:30:00+00,ASSAULT,ANTI-MALE HOMOSEXUAL (GAY)                   ,,HARASSMENT (NO PHYSICAL CONTACT),13C,PART II,COMPLETED,6TH DIVISION,625,RESIDENCE / HOME,3100 BLOCK KAYE LAWN DR                                     ,LOUISVILLE,40220,113
80-23-004094,2023/01/18 20:08:00+00,2023/01/18 03:20:00+00,VANDALISM,ANTI-GLBT (AS A GROUP)                       ,RESIDENCE                                              ,CRIMINAL MISCHIEF-3RD DEGREE,290,PART II,COMPLETED,6TH DIVISION,624,RESIDENCE / HOME,2200 BLOCK BEARGRASS AVE                                    ,LOUISVILLE,40218,114
80-23-005019,2023/01/22 18:53:00+00,2023/01/22 18:00:00+00,ASSAULT,ANTI-AMERICAN INDIAN/ALASKAN NATIVE          ,OTHER PERSON                                           ,TERRORISTIC THREATENING 3RD DEGREE,13C,PART II,COMPLETED,8TH DIVISION,811,RESTAURANT,11300 BLOCK WESTPORT RD                                     ,LOUISVILLE,40241,115
80-23-007311,2023/02/01 17:59:00+00,2023/01/27 13:21:00+00,DISTURBING THE PEACE,ANTI-BLACK                                   ,,CRIMINAL TRESPASSING-3RD DEGREE,90J,PART II,COMPLETED,3RD DIVISION,331,RESIDENCE / HOME,6200 BLOCK JEFFERY DR                                       ,LOUISVILLE,40258,116
80-23-007311,2023/02/01 17:59:00+00,2023/01/27 13:21:00+00,ASSAULT,ANTI-BLACK                                   ,,MENACING,13C,PART II,COMPLETED,3RD DIVISION,331,RESIDENCE / HOME,6200 BLOCK JEFFERY DR                                       ,LOUISVILLE,40258,117
80-23-008392,2023/02/06 16:25:00+00,2023/02/06 15:25:00+00,ASSAULT,ANTI-BLACK                                   ,OTHER PERSON                                           ,HARASSMENT - PHYSICAL CONTACT - NO INJURY,13B,PART II,COMPLETED,4TH DIVISION,423,PARKING LOT / GARAGE,2100 BLOCK 7TH STREET RD                                    ,LOUISVILLE,40210,118
80-23-010287,2023/02/14 14:46:00+00,2023/02/14 03:00:00+00,VANDALISM,ANTI-JEWISH                                  ,OTHER PROPERTY                                         ,CRIMINAL MISCHIEF - 1ST DEGREE,290,PART II,COMPLETED,6TH DIVISION,611,PARKING LOT / GARAGE,1100 BLOCK TREVILIAN WAY                                    ,LOUISVILLE,40213,119
80-23-013185,2023/02/27 04:22:00+00,2023/02/27 04:10:00+00,ASSAULT,ANTI-ISLAMIC (MUSLIM)                        ,,WANTON ENDANGERMENT-1ST DEGREE,13A,PART I,COMPLETED,8TH DIVISION,823,HIGHWAY / ROAD / ALLEY,3400 BLOCK IMPERATOR LN                                     ,LOUISVILLE,40245,120
80-20-063095,2020/10/23 00:11:00+00,2020/10/20 04:00:00+00,OTHER,ANTI-BLACK                                   ,,HARASSING COMMUNICATIONS,90Z,PART II,,6TH DIVISION,611,RESTAURANT,2400 BLOCK BRADLEY AVE                                      ,LOUISVILLE,40217,121
80-20-035437,2020/06/16 14:24:00+00,2020/06/16 07:26:00+00,VANDALISM,ANTI-BLACK                                   ,,CRIMINAL MISCHIEF-3RD DEGREE,290,PART II,COMPLETED,8TH DIVISION,823,RESIDENCE / HOME,500 BLOCK EDGEFOREST PL                                     ,LOUISVILLE,40245,122
80-17-071056,2017/09/01 01:19:00+00,2017/09/01 01:05:00+00,VANDALISM,ANTI-WHITE                                   ,RESIDENCE                                              ,CRIMINAL MISCHIEF-3RD DEGREE,290,PART II,COMPLETED,4TH DIVISION,423,RESIDENCE / HOME,1400 BLOCK CENTRAL AVE                                      ,LOUISVILLE,40208,123
80-20-065389,2020/11/02 16:27:00+00,2020/10/21 14:00:00+00,ASSAULT,ANTI-WHITE                                   ,OTHER PERSON                                           ,KIDNAPPING-ADULT,100,PART II,COMPLETED,5TH DIVISION,521,HIGHWAY / ROAD / ALLEY,2600 BLOCK LE BLANC CT                                      ,LOUISVILLE,40206,124
80-20-065389,2020/11/02 16:27:00+00,2020/10/21 14:00:00+00,ROBBERY,ANTI-WHITE                                   ,OTHER PERSON                                           ,ROBBERY - 1ST DEGREE,120,PART I,COMPLETED,5TH DIVISION,521,GROCERY / SUPERMARKET,2600 BLOCK LE BLANC CT                                      ,LOUISVILLE,40206,125
80-17-071657,2017/09/03 04:23:00+00,2017/09/03 04:00:00+00,ASSAULT,ANTI-OTHER RACE/ETHNICITY/ANCESTRY           ,,ASSAULT - 4TH DEGREE (NO VISIBLE INJURY),13B,PART II,COMPLETED,6TH DIVISION,625,BAR / NIGHT CLUB,BARDSTOWN RD / SIX MILE LN                                  ,LOUISVILLE,40218,126
80-21-002737,2021/01/14 14:00:00+00,2021/01/13 22:30:00+00,ASSAULT,ANTI-MALE HOMOSEXUAL (GAY)                   ,,MENACING,13C,PART II,COMPLETED,7TH DIVISION,711,OTHER RESIDENCE (APARTMENT/CONDO),9800 BLOCK MICHAEL EDWARD DR                                ,LOUISVILLE,40291,127
80-17-079355,2017/09/29 01:48:00+00,2017/09/27 23:00:00+00,ASSAULT,ANTI-BLACK                                   ,RESIDENCE                                              ,HARASSMENT (NO PHYSICAL CONTACT),13C,PART II,COMPLETED,3RD DIVISION,331,RESIDENCE / HOME,0 BLOCK WELBY RD                                            ,LOUISVILLE,40216,128
80-21-003781,2021/01/19 18:59:00+00,2021/01/16 22:00:00+00,VANDALISM,ANTI-GENDER NON-CONFORMING                   ,BUSINESS                                               ,CRIMINAL MISCHIEF - 1ST DEGREE,290,PART II,COMPLETED,4TH DIVISION,411,GOVERNMENT / PUBLIC BUILDING,1200 BLOCK S 4TH ST                                         ,LOUISVILLE,40203,129
80-17-090602,2017/11/07 02:42:00+00,2017/11/06 00:30:00+00,ASSAULT,ANTI-BLACK                                   ,OTHER PERSON                                           ,HARASSMENT (NO PHYSICAL CONTACT),13C,PART II,COMPLETED,7TH DIVISION,712,RESIDENCE / HOME,8300 BLOCK INDEPENDENCE SCHOOL RD                           ,LOUISVILLE,40228,130
80-21-005382,2021/01/27 18:17:00+00,2021/01/24 20:30:00+00,OTHER,ANTI-BLACK                                   ,,UNLAWFUL ACCESS TO COMPUTER - 4TH DEGREE,90Z,PART II,COMPLETED,4TH DIVISION,435,CYBERSPACE,4300 BLOCK LAHNNA DR                                        ,LOUISVILLE,40216,131
80-21-009885,2021/02/21 01:19:00+00,2021/02/21 01:10:00+00,ASSAULT,ANTI-BLACK                                   ,,TERRORISTIC THREATENING 3RD DEGREE,13C,PART II,COMPLETED,1ST DIVISION,123,HIGHWAY / ROAD / ALLEY,W MUHAMMAD ALI BLVD / ROY WILKINS AVE                       ,LOUISVILLE,40203,132
80-21-011047,2021/02/26 22:46:00+00,2021/02/26 21:52:00+00,ROBBERY,ANTI-WHITE                                   ,OTHER PERSON                                           ,ROBBERY - 2ND DEGREE,120,PART I,COMPLETED,3RD DIVISION,315,"SPECIALTY STORE (TV, FUR, ETC)",10900 BLOCK DIXIE HWY                                       ,LOUISVILLE,40272,133
80-21-011047,2021/02/26 22:46:00+00,2021/02/26 21:52:00+00,ASSAULT,ANTI-WHITE                                   ,OTHER PERSON                                           ,TERRORISTIC THREATENING 3RD DEGREE,13C,PART II,COMPLETED,3RD DIVISION,315,"SPECIALTY STORE (TV, FUR, ETC)",10900 BLOCK DIXIE HWY                                       ,LOUISVILLE,40272,134
80-21-012171,2021/03/04 16:47:00+00,2021/01/26 12:00:00+00,VANDALISM,ANTI-BLACK                                   ,OTHER PROPERTY                                         ,CRIMINAL MISCHIEF-3RD DEGREE,290,PART II,COMPLETED,6TH DIVISION,611,GROCERY / SUPERMARKET,4000 BLOCK POPLAR LEVEL RD                                  ,LOUISVILLE,40213,135
80-21-012385,2021/03/05 16:04:00+00,2021/03/05 15:04:00+00,ASSAULT,ANTI-BLACK                                   ,OTHER PERSON                                           ,MENACING,13C,PART II,COMPLETED,4TH DIVISION,411,CONVENIENCE STORE,1100 BLOCK S 4TH ST                                         ,LOUISVILLE,40203,136
80-21-014816,2021/03/17 13:15:00+00,2021/03/17 10:15:00+00,ASSAULT,ANTI-WHITE                                   ,OTHER PERSON                                           ,WANTON ENDANGERMENT-1ST DEGREE,13A,PART I,COMPLETED,2ND DIVISION,225,RESIDENCE / HOME,2100 BLOCK W BURNETT AVE                                    ,LOUISVILLE,40210,137
80-21-016372,2021/03/24 22:30:00+00,2021/03/24 22:25:00+00,ASSAULT,ANTI-WHITE                                   ,,ASSAULT - 4TH DEGREE (MINOR INJURY),13B,PART II,COMPLETED,6TH DIVISION,612,OTHER / UNKNOWN,5700 BLOCK PRESTON HWY                                      ,LOUISVILLE,40219,138
80-21-019436,2021/04/07 23:30:00+00,2021/04/07 22:30:00+00,ASSAULT,ANTI-ASIAN                                   ,,HARASSMENT - PHYSICAL CONTACT - NO INJURY,13B,PART II,COMPLETED,1ST DIVISION,112,GROCERY / SUPERMARKET,2700 BLOCK W BROADWAY                                       ,LOUISVILLE,40211,139
80-21-020233,2021/04/11 19:57:00+00,2021/04/10 21:00:00+00,SEX CRIMES,ANTI-TRANSGENDER                             ,,SODOMY - 1ST DEGREE,11B,PART I,COMPLETED,4TH DIVISION,412,HOMELESS SHELTER / MISSION,1000 BLOCK S JACKSON ST                                     ,LOUISVILLE,40203,140
80-21-022873,2021/04/24 16:21:00+00,2021/04/24 09:00:00+00,VANDALISM,ANTI-ASIAN                                   ,,CRIMINAL MISCHIEF-2ND DEGREE,290,PART II,COMPLETED,8TH DIVISION,812,RESIDENCE / HOME,2800 BLOCK SHOEMAKER DR                                     ,LOUISVILLE,40241,141
80-21-024360,2021/05/01 13:19:00+00,2021/04/30 22:00:00+00,ASSAULT,ANTI-FEMALE HOMOSEXUAL (LESBIAN)             ,,TERRORISTIC THREATENING 3RD DEGREE,13C,PART II,COMPLETED,5TH DIVISION,521,RESIDENCE / HOME,1700 BLOCK FRANKFORT AVE                                    ,LOUISVILLE,40206,142
80-21-025780,2021/05/07 18:17:00+00,2021/04/04 15:00:00+00,OTHER,ANTI-BLACK                                   ,,HARASSING COMMUNICATIONS,90Z,PART II,COMPLETED,4TH DIVISION,411,RESIDENCE / HOME,0 BLOCK COLLEGE CT                                          ,LOUISVILLE,40203,143
80-21-026333,2021/05/10 16:35:00+00,2021/04/29 21:30:00+00,ASSAULT,ANTI-MALE HOMOSEXUAL (GAY)                   ,OTHER PERSON                                           ,TERRORISTIC THREATENING 3RD DEGREE,13C,PART II,COMPLETED,1ST DIVISION,123,JAIL / PENITENTARY,400 BLOCK S 6TH ST                                          ,LOUISVILLE,40202,144
80-21-026473,2021/05/11 03:28:00+00,2021/05/11 01:30:00+00,ASSAULT,ANTI-JEWISH                                  ,,TERRORISTIC THREATENING 2ND DEGREE,13C,PART II,COMPLETED,1ST DIVISION,135,DRUG STORE/DR`S OFFICE/HOSPITAL,200 BLOCK E CHESTNUT ST                                     ,LOUISVILLE,40202,145
80-21-030859,2021/05/31 02:38:00+00,2021/05/31 01:15:00+00,ASSAULT,ANTI-BLACK                                   ,,WANTON ENDANGERMENT-1ST DEGREE,13A,PART I,COMPLETED,7TH DIVISION,711,PARKING LOT / GARAGE,6900 BLOCK BARDSTOWN RD                                     ,LOUISVILLE,40291,146
80-21-030859,2021/05/31 02:38:00+00,2021/05/31 01:15:00+00,ASSAULT,ANTI-BLACK                                   ,,HARASSMENT (NO PHYSICAL CONTACT),13C,PART II,COMPLETED,7TH DIVISION,711,PARKING LOT / GARAGE,6900 BLOCK BARDSTOWN RD                                     ,LOUISVILLE,40291,147
80-21-033764,2021/06/12 20:01:00+00,2021/06/10 04:30:00+00,OTHER,ANTI-GLBT (AS A GROUP)                       ,RESIDENCE                                              ,HARASSING COMMUNICATIONS,90Z,PART II,COMPLETED,6TH DIVISION,624,OTHER RESIDENCE (APARTMENT/CONDO),4300 BLOCK NORBROOK DR                                      ,LOUISVILLE,40218,148
80-21-034566,2021/06/16 12:26:00+00,2021/06/16 05:00:00+00,VANDALISM,ANTI-CATHOLIC                                ,PLACE OF WORSHIP                                       ,CRIMINAL MISCHIEF-3RD DEGREE,290,PART II,COMPLETED,5TH DIVISION,521,CHURCH / SYNAGOGUE / TEMPLE,600 BLOCK N HITE AVE                                        ,LOUISVILLE,40206,149
80-21-038802,2021/07/05 04:55:00+00,2021/07/05 04:29:00+00,OTHER,ANTI-BLACK                                   ,,HARASSING COMMUNICATIONS,90Z,PART II,COMPLETED,1ST DIVISION,123,RESTAURANT,700 BLOCK W BROADWAY                                        ,LOUISVILLE,40202,150
80-21-039904,2021/07/10 02:05:00+00,2021/07/08 14:45:00+00,ASSAULT,ANTI-BLACK                                   ,,TERRORISTIC THREATENING 3RD DEGREE,13C,PART II,COMPLETED,8TH DIVISION,824,OTHER / UNKNOWN,2000 BLOCK NELSON MILLER PKY                                ,LOUISVILLE,40223,151
80-21-049905,2021/08/25 00:57:00+00,2021/08/24 23:57:00+00,BURGLARY,ANTI-BLACK                                   ,,BURGLARY - 2ND DEGREE,220,PART I,COMPLETED,4TH DIVISION,424,RESIDENCE / HOME,700 BLOCK BURTON AVE                                        ,LOUISVILLE,40208,152
80-21-051143,2021/08/30 20:45:00+00,2021/08/17 12:00:00+00,OTHER,ANTI-MULTI-RACIAL GROUP                      ,BUSINESS                                               ,HARASSING COMMUNICATIONS,90Z,PART II,COMPLETED,8TH DIVISION,823,CYBERSPACE,1900 BLOCK EGMONT RIDGE WAY                                 ,LOUISVILLE,40245,153
80-21-056145,2021/09/23 22:23:00+00,2021/09/10 11:37:00+00,OTHER,ANTI-BLACK                                   ,,HARASSING COMMUNICATIONS,90Z,PART II,COMPLETED,3RD DIVISION,315,RESIDENCE / HOME,7800 BLOCK COLUMBINE DR                                     ,LOUISVILLE,40258,154
80-21-057183,2021/09/28 19:14:00+00,2021/09/28 19:05:00+00,ASSAULT,ANTI-ISLAMIC (MUSLIM)                        ,,WANTON ENDANGERMENT-1ST DEGREE,13A,PART I,COMPLETED,1ST DIVISION,134,HIGHWAY / ROAD / ALLEY,@5.8 I64W                                                   ,LOUISVILLE,40206,155
80-21-057546,2021/09/30 14:38:00+00,2021/09/24 20:55:00+00,ASSAULT,ANTI-GLBT (AS A GROUP)                       ,,TERRORISTIC THREATENING 2ND DEGREE,13C,PART II,COMPLETED,1ST DIVISION,135,CHURCH / SYNAGOGUE / TEMPLE,400 BLOCK E BROADWAY                                        ,LOUISVILLE,40202,156
80-21-059593,2021/10/10 15:54:00+00,2021/10/10 13:52:00+00,VANDALISM,ANTI-GLBT (AS A GROUP)                       ,OTHER PROPERTY OWNED BY TARGET GROUP                   ,CRIMINAL MISCHIEF-2ND DEGREE,290,PART II,COMPLETED,5TH DIVISION,514,CHURCH / SYNAGOGUE / TEMPLE,3600 BLOCK DUTCHMANS LN                                     ,LOUISVILLE,40205,157
80-21-061951,2021/10/21 02:01:00+00,2021/10/21 00:55:00+00,ASSAULT,ANTI-BLACK                                   ,,VIOLATION OF IPO,90F,PART II,COMPLETED,8TH DIVISION,823,RESIDENCE / HOME,500 BLOCK EDGEFOREST PL                                     ,LOUISVILLE,40245,158
80-20-035598,2020/06/17 05:00:00+00,2020/06/17 03:45:00+00,ASSAULT,ANTI-BLACK                                   ,OTHER PERSON                                           ,TERRORISTIC THREATENING 3RD DEGREE,13C,PART II,COMPLETED,7TH DIVISION,711,RESIDENCE / HOME,9500 BLOCK ELM LAKE DR                                      ,LOUISVILLE,40291,159
80-20-036548,2020/06/21 08:26:00+00,2020/06/21 08:24:00+00,VANDALISM,ANTI-BLACK                                   ,RESIDENCE                                              ,CRIMINAL MISCHIEF - 1ST DEGREE,290,PART II,COMPLETED,4TH DIVISION,423,RESIDENCE / HOME,3700 BLOCK POWELL AVE                                       ,LOUISVILLE,40215,160
80-20-037388,2020/06/25 03:20:00+00,2020/06/25 02:50:00+00,ASSAULT,ANTI-BLACK                                   ,OTHER PERSON                                           ,WANTON ENDANGERMENT-1ST DEGREE,13A,PART I,COMPLETED,5TH DIVISION,525,HIGHWAY / ROAD / ALLEY,300 BLOCK FOX RUN RD                                        ,BEECHWOOD_VILLAGE,40207,161
80-20-037899,2020/06/27 15:43:00+00,2020/06/27 06:44:00+00,VANDALISM,ANTI-MULTI-RACIAL GROUP                      ,RESIDENCE                                              ,CRIMINAL MISCHIEF-3RD DEGREE,290,PART II,COMPLETED,8TH DIVISION,823,RESIDENCE / HOME,500 BLOCK EDGEFOREST PL                                     ,LOUISVILLE,40245,162
80-20-039193,2020/07/03 11:57:00+00,2020/07/03 11:47:00+00,ASSAULT,ANTI-BLACK                                   ,OTHER PERSON                                           ,WANTON ENDANGERMENT-1ST DEGREE,13A,PART I,COMPLETED,3RD DIVISION,322,PARKING LOT / GARAGE,5500 BLOCK NATIONAL TPKE                                    ,LOUISVILLE,40214,163
80-20-042135,2020/07/16 17:30:00+00,2020/07/16 17:00:00+00,ASSAULT,ANTI-BLACK                                   ,,HARASSMENT (NO PHYSICAL CONTACT),13C,PART II,COMPLETED,6TH DIVISION,625,RESIDENCE / HOME,3200 BLOCK HIKES LN                                         ,LOUISVILLE,40220,164
80-20-045762,2020/08/02 05:30:00+00,2020/08/02 03:40:00+00,ASSAULT,ANTI-BLACK                                   ,OTHER PERSON                                           ,TERRORISTIC THREATENING 3RD DEGREE,13C,PART II,COMPLETED,7TH DIVISION,736,SERVICE / GAS STATION,9200 BLOCK PRESTON HWY                                      ,LOUISVILLE,40229,165
80-20-046521,2020/08/05 16:18:00+00,2020/07/04 16:00:00+00,OTHER,ANTI-OTHER RACE/ETHNICITY/ANCESTRY           ,BUSINESS                                               ,HARASSING COMMUNICATIONS,90Z,PART II,COMPLETED,3RD DIVISION,322,CYBERSPACE,5300 BLOCK S 3RD ST                                         ,LOUISVILLE,40214,166
80-20-046521,2020/08/05 16:18:00+00,2020/07/04 16:00:00+00,ASSAULT,ANTI-OTHER RACE/ETHNICITY/ANCESTRY           ,OTHER PERSON                                           ,TERRORISTIC THREATENING 3RD DEGREE,13C,PART II,COMPLETED,3RD DIVISION,322,CYBERSPACE,5300 BLOCK S 3RD ST                                         ,LOUISVILLE,40214,167
80-20-049169,2020/08/17 12:38:00+00,2020/08/15 15:30:00+00,ASSAULT,ANTI-BLACK                                   ,,HARASSMENT (NO PHYSICAL CONTACT),13C,PART II,COMPLETED,8TH DIVISION,823,PARK / PLAYGROUND,1400 BLOCK BECKLEY CREEK PKY                                ,LOUISVILLE,40245,168
80-20-051830,2020/08/30 11:45:00+00,2020/04/01 04:00:00+00,VANDALISM,ANTI-BLACK                                   ,,CRIMINAL MISCHIEF-3RD DEGREE,290,PART II,COMPLETED,3RD DIVISION,331,OTHER RESIDENCE (APARTMENT/CONDO),6500 BLOCK HACKEL DR                                        ,LOUISVILLE,40258,169
80-20-055974,2020/09/18 22:50:00+00,2020/09/18 22:30:00+00,ASSAULT,ANTI-WHITE                                   ,OTHER PERSON                                           ,WANTON ENDANGERMENT-1ST DEGREE,13A,PART I,COMPLETED,8TH DIVISION,824,HIGHWAY / ROAD / ALLEY,300 BLOCK N WHITTINGTON PKY                                 ,LOUISVILLE,40222,170
80-20-056168,2020/09/19 23:10:00+00,2020/09/19 23:01:00+00,VANDALISM,ANTI-JEWISH                                  ,,CRIMINAL MISCHIEF - 1ST DEGREE,290,PART II,COMPLETED,1ST DIVISION,123,HIGHWAY / ROAD / ALLEY,S 6TH ST / W JEFFERSON ST                                   ,LOUISVILLE,40202,171
80-20-056168,2020/09/19 23:10:00+00,2020/09/19 23:01:00+00,ASSAULT,ANTI-JEWISH                                  ,,ASSAULT - 2ND DEGREE,13A,PART I,COMPLETED,1ST DIVISION,123,HIGHWAY / ROAD / ALLEY,S 6TH ST / W JEFFERSON ST                                   ,LOUISVILLE,40202,172
80-20-056861,2020/09/23 16:00:00+00,2020/09/23 15:59:00+00,ASSAULT,ANTI-MALE HOMOSEXUAL (GAY)                   ,OTHER PERSON                                           ,TERRORISTIC THREATENING 3RD DEGREE,13C,PART II,COMPLETED,2ND DIVISION,236,RESIDENCE / HOME,4300 BLOCK BAYBERRY DR                                      ,LOUISVILLE,40216,173
80-20-058251,2020/09/30 19:14:00+00,2020/09/26 23:00:00+00,ASSAULT,ANTI-BLACK                                   ,,TERRORISTIC THREATENING 3RD DEGREE,13C,PART II,COMPLETED,4TH DIVISION,411,OTHER RESIDENCE (APARTMENT/CONDO),800 BLOCK S 4TH ST                                          ,LOUISVILLE,40203,174
80-20-059472,2020/10/06 21:34:00+00,2020/10/06 21:04:00+00,ASSAULT,ANTI-BLACK                                   ,RESIDENCE                                              ,TERRORISTIC THREATENING 3RD DEGREE,13C,PART II,COMPLETED,5TH DIVISION,521,RESIDENCE / HOME,2000 BLOCK BROWNSBORO RD                                    ,LOUISVILLE,40206,175
80-18-000387,2018/01/02 20:32:00+00,2018/01/01 19:00:00+00,VANDALISM,ANTI-BLACK                                   ,RESIDENCE                                              ,CRIMINAL MISCHIEF-3RD DEGREE,290,PART II,COMPLETED,4TH DIVISION,412,RESIDENCE / HOME,600 BLOCK ATWOOD ST                                         ,LOUISVILLE,40217,176
80-18-008080,2018/01/31 23:27:00+00,2018/01/26 18:58:00+00,ASSAULT,ANTI-MULTI-RACIAL GROUP                      ,OTHER PERSON                                           ,TERRORISTIC THREATENING 3RD DEGREE,13C,PART II,COMPLETED,3RD DIVISION,323,CYBERSPACE,7500 BLOCK CONNOR WAY                                       ,LOUISVILLE,40214,177
80-18-008825,2018/02/04 02:13:00+00,2018/02/04 00:43:00+00,ASSAULT,ANTI-TRANSGENDER                             ,OTHER PERSON                                           ,ASSAULT - 4TH DEGREE (NO VISIBLE INJURY),13B,PART II,COMPLETED,5TH DIVISION,514,RESTAURANT,3000 BLOCK BARDSTOWN RD                                     ,LOUISVILLE,40205,178
80-19-077880,2019/10/21 14:12:00+00,2019/10/09 11:30:00+00,ASSAULT,ANTI-OTHER RACE/ETHNICITY/ANCESTRY           ,OTHER PERSON                                           ,ASSAULT - 4TH DEGREE (NO VISIBLE INJURY),13B,PART II,COMPLETED,3RD DIVISION,323,SCHOOL - ELEMENTARY / SECONDARY,1000 BLOCK FAIRDALE RD                                      ,LOUISVILLE,40118,179
80-18-020350,2018/03/18 21:02:00+00,2018/03/18 20:30:00+00,ASSAULT,ANTI-BLACK                                   ,RESIDENCE                                              ,MENACING,13C,PART II,COMPLETED,6TH DIVISION,625,RESIDENCE / HOME,3000 BLOCK MID DALE LN                                      ,LOUISVILLE,40220,180
80-18-029825,2018/04/23 00:09:00+00,2018/04/23 00:09:00+00,ASSAULT,ANTI-BLACK                                   ,OTHER PERSON                                           ,WANTON ENDANGERMENT-2ND DEGREE,13C,PART II,COMPLETED,4TH DIVISION,423,HIGHWAY / ROAD / ALLEY,BERRY BLVD / TAYLOR BLVD                                    ,LOUISVILLE,40215,181
80-18-057558,2018/07/27 22:25:00+00,2018/07/26 19:15:00+00,ASSAULT,ANTI-MALE HOMOSEXUAL (GAY)                   ,OTHER PERSON                                           ,ASSAULT - 4TH DEGREE (MINOR INJURY),13B,PART II,COMPLETED,4TH DIVISION,436,GOVERNMENT / PUBLIC BUILDING,600 BLOCK W WOODLAWN AVE                                    ,LOUISVILLE,40215,182
80-18-066575,2018/08/27 22:12:00+00,2018/08/26 02:00:00+00,ASSAULT,ANTI-JEWISH                                  ,RESIDENCE                                              ,TERRORISTIC THREATENING 3RD DEGREE,13C,PART II,COMPLETED,4TH DIVISION,424,RESIDENCE / HOME,4200 BLOCK S BROOK ST                                       ,LOUISVILLE,40214,183
80-18-084407,2018/10/27 13:42:00+00,2018/10/27 13:41:00+00,ROBBERY,ANTI-MALE HOMOSEXUAL (GAY)                   ,OTHER PERSON                                           ,ROBBERY - 1ST DEGREE,120,PART I,COMPLETED,1ST DIVISION,111,RESIDENCE / HOME,N 28TH ST / ST XAVIER ST                                    ,LOUISVILLE,40212,184
80-18-084407,2018/10/27 13:42:00+00,2018/10/27 13:41:00+00,ASSAULT,ANTI-MALE HOMOSEXUAL (GAY)                   ,OTHER PERSON                                           ,MENACING,13C,PART II,COMPLETED,1ST DIVISION,111,RESIDENCE / HOME,N 28TH ST / ST XAVIER ST                                    ,LOUISVILLE,40212,185
80-18-091555,2018/11/23 15:19:00+00,2018/11/23 13:00:00+00,ASSAULT,ANTI-TRANSGENDER                             ,,TERRORISTIC THREATENING 3RD DEGREE,13C,PART II,COMPLETED,4TH DIVISION,424,RACE TRACK/GAMBLING FACILITY,4000 BLOCK S 3RD ST                                         ,LOUISVILLE,40214,186
80-20-009986,2020/02/12 13:30:00+00,2020/02/12 06:00:00+00,OTHER,ANTI-JEWISH                                  ,RESIDENCE                                              ,HARASSING COMMUNICATIONS,90Z,PART II,COMPLETED,5TH DIVISION,521,RESIDENCE / HOME,2700 BLOCK SHIPPEN AVE                                      ,LOUISVILLE,40206,187
80-18-097626,2018/12/14 22:56:00+00,2018/12/14 21:56:00+00,ASSAULT,ANTI-OTHER RACE/ETHNICITY/ANCESTRY           ,,HARASSMENT (NO PHYSICAL CONTACT),13C,PART II,COMPLETED,8TH DIVISION,815,RESIDENCE / HOME,1000 BLOCK DARBYSHIRE RD                                    ,LYNDON,40222,188
80-18-098149,2018/12/17 01:31:00+00,2018/12/16 02:00:00+00,ASSAULT,ANTI-MALE HOMOSEXUAL (GAY)                   ,RESIDENCE                                              ,HARASSMENT (NO PHYSICAL CONTACT),13C,PART II,COMPLETED,8TH DIVISION,815,RESIDENCE / HOME,100 BLOCK SOUTH HAMPTON RD                                  ,LOUISVILLE,40223,189
80-18-098922,2018/12/19 16:09:00+00,2018/12/18 22:00:00+00,VANDALISM,ANTI-MALE HOMOSEXUAL (GAY)                   ,,CRIMINAL MISCHIEF-3RD DEGREE,290,PART II,COMPLETED,8TH DIVISION,815,RESIDENCE / HOME,100 BLOCK SOUTH HAMPTON RD                                  ,LOUISVILLE,40223,190
80-18-098922,2018/12/19 16:09:00+00,2018/12/18 22:00:00+00,ASSAULT,ANTI-MALE HOMOSEXUAL (GAY)                   ,RESIDENCE                                              ,HARASSMENT (NO PHYSICAL CONTACT),13C,PART II,COMPLETED,8TH DIVISION,815,RESIDENCE / HOME,100 BLOCK SOUTH HAMPTON RD                                  ,LOUISVILLE,40223,191
80-17-021725,2017/03/17 18:44:00+00,2017/03/17 18:40:00+00,ASSAULT,ANTI-WHITE                                   ,OTHER PERSON                                           ,ASSAULT - 4TH DEGREE (NO VISIBLE INJURY),13B,PART II,COMPLETED,6TH DIVISION,624,HIGHWAY / ROAD / ALLEY,4300 BLOCK BARDSTOWN RD                                     ,LOUISVILLE,40218,192
80-20-033395,2020/06/06 22:25:00+00,2020/06/06 22:16:00+00,ASSAULT,ANTI-MULTI-RACIAL GROUP                      ,,ASSAULT - 2ND DEGREE,13A,PART I,COMPLETED,6TH DIVISION,625,PARKING LOT / GARAGE,3000 BLOCK BRECKENRIDGE LN                                  ,LOUISVILLE,40220,193
80-20-033395,2020/06/06 22:25:00+00,2020/06/06 22:16:00+00,ASSAULT,ANTI-MULTI-RACIAL GROUP                      ,,WANTON ENDANGERMENT-1ST DEGREE,13A,PART I,COMPLETED,6TH DIVISION,625,PARKING LOT / GARAGE,3000 BLOCK BRECKENRIDGE LN                                  ,LOUISVILLE,40220,194
80-20-033395,2020/06/06 22:25:00+00,2020/06/06 22:16:00+00,VANDALISM,ANTI-MULTI-RACIAL GROUP                      ,,CRIMINAL MISCHIEF - 1ST DEGREE,290,PART II,COMPLETED,6TH DIVISION,625,PARKING LOT / GARAGE,3000 BLOCK BRECKENRIDGE LN                                  ,LOUISVILLE,40220,195
80-18-100788,2018/12/27 00:20:00+00,2018/12/19 23:00:00+00,ASSAULT,ANTI-BLACK                                   ,PLACE OF WORSHIP                                       ,HARASSMENT (NO PHYSICAL CONTACT),13C,PART II,COMPLETED,4TH DIVISION,424,CHURCH / SYNAGOGUE / TEMPLE,3200 BLOCK TAYLOR BLVD                                      ,LOUISVILLE,40215,196
80-20-033504,2020/06/07 15:00:00+00,2020/06/07 05:00:00+00,OTHER,ANTI-MULTI-RACIAL GROUP                      ,RESIDENCE                                              ,HARASSING COMMUNICATIONS,90Z,PART II,COMPLETED,8TH DIVISION,823,RESIDENCE / HOME,500 BLOCK EDGEFOREST PL                                     ,LOUISVILLE,40245,197
80-18-101383,2018/12/29 04:27:00+00,2018/12/27 05:14:00+00,ASSAULT,ANTI-BLACK                                   ,OTHER PERSON                                           ,TERRORISTIC THREATENING 3RD DEGREE,13C,PART II,COMPLETED,6TH DIVISION,625,CYBERSPACE,7600 BLOCK CHARRON RD                                       ,LOUISVILLE,40220,198
80-19-000107,2019/01/01 16:43:00+00,2019/01/01 16:30:00+00,ASSAULT,ANTI-WHITE                                   ,OTHER PERSON                                           ,ASSAULT - 4TH DEGREE (MINOR INJURY),13B,PART II,COMPLETED,1ST DIVISION,135,HOMELESS SHELTER / MISSION,400 BLOCK E JEFFERSON ST                                    ,LOUISVILLE,40202,199
80-19-005490,2019/01/22 13:01:00+00,2017/01/01 13:00:00+00,ASSAULT,ANTI-MENTAL DISABILITY                       ,,KNOWINGLY EXPLOIT ADULT BY PERSON O/$300,90F,PART II,COMPLETED,4TH DIVISION,435,RESIDENCE / HOME,1500 BLOCK SHINGO AVE                                       ,LOUISVILLE,40215,200
80-20-035437,2020/06/16 14:24:00+00,2020/06/16 07:26:00+00,OTHER,ANTI-BLACK                                   ,,HARASSING COMMUNICATIONS,90Z,PART II,COMPLETED,8TH DIVISION,823,RESIDENCE / HOME,500 BLOCK EDGEFOREST PL                                     ,LOUISVILLE,40245,201
80-19-007380,2019/01/29 20:31:00+00,2019/01/28 00:00:00+00,BURGLARY,ANTI-HINDU                                   ,PLACE OF WORSHIP                                       ,BURGLARY - 3RD DEGREE,220,PART I,COMPLETED,6TH DIVISION,624,CHURCH / SYNAGOGUE / TEMPLE,4000 BLOCK BARDSTOWN RD                                     ,LOUISVILLE,40218,202
80-19-026026,2019/04/13 01:47:00+00,2019/04/13 01:30:00+00,ASSAULT,ANTI-BLACK                                   ,,MENACING,13C,PART II,COMPLETED,3RD DIVISION,315,PARKING LOT / GARAGE,10100 BLOCK DIXIE HWY                                       ,LOUISVILLE,40272,203
80-19-030872,2019/05/01 17:35:00+00,2019/05/01 09:00:00+00,ASSAULT,ANTI-MALE HOMOSEXUAL (GAY)                   ,OTHER PERSON                                           ,ASSAULT - 4TH DEGREE (MINOR INJURY),13B,PART II,COMPLETED,3RD DIVISION,315,RESIDENCE / HOME,9000 BLOCK COTTINGHAM WAY                                   ,LOUISVILLE,40258,204
80-19-039731,2019/06/02 14:55:00+00,2019/06/02 14:50:00+00,ASSAULT,ANTI-ISLAMIC (MUSLIM)                        ,OTHER PERSON                                           ,TERRORISTIC THREATENING 3RD DEGREE,13C,PART II,COMPLETED,3RD DIVISION,323,RESIDENCE / HOME,9800 BLOCK KEYS FERRY RD                                    ,LOUISVILLE,40118,205
80-20-037899,2020/06/27 15:43:00+00,2020/06/27 06:44:00+00,OTHER,ANTI-MULTI-RACIAL GROUP                      ,RESIDENCE                                              ,HARASSING COMMUNICATIONS,90Z,PART II,COMPLETED,8TH DIVISION,823,RESIDENCE / HOME,500 BLOCK EDGEFOREST PL                                     ,LOUISVILLE,40245,206
80-19-050144,2019/07/10 14:38:00+00,2019/07/04 04:30:00+00,VANDALISM,ANTI-GLBT (AS A GROUP)                       ,,CRIMINAL MISCHIEF-3RD DEGREE,290,PART II,COMPLETED,5TH DIVISION,513,CHURCH / SYNAGOGUE / TEMPLE,2000 BLOCK DOUGLASS BLVD                                    ,LOUISVILLE,40205,207
80-19-072386,2019/09/30 10:38:00+00,2019/09/30 07:30:00+00,ASSAULT,ANTI-TRANSGENDER                             ,OTHER PERSON                                           ,ASSAULT - 4TH DEGREE (MINOR INJURY),13B,PART II,COMPLETED,5TH DIVISION,512,BAR / NIGHT CLUB,1000 BLOCK BARDSTOWN RD                                     ,LOUISVILLE,40204,208
80-19-081594,2019/11/04 15:00:00+00,2019/11/03 19:30:00+00,VANDALISM,ANTI-OTHER CHRISTIAN                         ,PLACE OF WORSHIP                                       ,CRIMINAL MISCHIEF-3RD DEGREE,290,PART II,COMPLETED,4TH DIVISION,423,CHURCH / SYNAGOGUE / TEMPLE,4400 BLOCK S 6TH ST                                         ,LOUISVILLE,40214,209
80-19-093734,2019/12/20 18:41:00+00,2019/12/20 13:00:00+00,ASSAULT,ANTI-HISPANIC                                ,OTHER PERSON                                           ,TERRORISTIC THREATENING 3RD DEGREE,13C,PART II,COMPLETED,6TH DIVISION,625,RESIDENCE / HOME,300 BLOCK CHANEL CT                                         ,LOUISVILLE,40218,210
80-19-094851,2019/12/26 14:43:00+00,2019/12/26 10:35:00+00,ASSAULT,ANTI-BLACK                                   ,OTHER PERSON                                           ,TERRORISTIC THREATENING 3RD DEGREE,13C,PART II,COMPLETED,1ST DIVISION,111,PARKING LOT / GARAGE,1500 BLOCK W MAIN ST                                        ,LOUISVILLE,40203,211
80-20-003798,2020/01/16 21:20:00+00,2020/01/16 19:34:00+00,VANDALISM,ANTI-MULTI-RACIAL GROUP                      ,,CRIMINAL MISCHIEF - 1ST DEGREE,290,PART II,COMPLETED,4TH DIVISION,412,RESTAURANT,1100 BLOCK LOGAN ST                                         ,LOUISVILLE,40204,212
80-20-007373,2020/01/31 23:37:00+00,2020/01/31 22:37:00+00,ASSAULT,ANTI-MALE HOMOSEXUAL (GAY)                   ,OTHER PERSON                                           ,HARASSMENT (NO PHYSICAL CONTACT),13C,PART II,COMPLETED,4TH DIVISION,423,DEPARTMENT / DISCOUNT STORE,3900 BLOCK 7TH STREET RD                                    ,LOUISVILLE,40216,213
80-20-055974,2020/09/18 22:50:00+00,2020/09/18 22:30:00+00,VANDALISM,ANTI-WHITE                                   ,OTHER PERSON                                           ,CRIMINAL MISCHIEF - 1ST DEGREE,290,PART II,COMPLETED,8TH DIVISION,824,HIGHWAY / ROAD / ALLEY,300 BLOCK N WHITTINGTON PKY                                 ,LOUISVILLE,40222,214
80-20-009986,2020/02/12 13:30:00+00,2020/02/12 06:00:00+00,VANDALISM,ANTI-JEWISH                                  ,RESIDENCE                                              ,CRIMINAL MISCHIEF-3RD DEGREE,290,PART II,COMPLETED,5TH DIVISION,521,RESIDENCE / HOME,2700 BLOCK SHIPPEN AVE                                      ,LOUISVILLE,40206,215
80-20-026992,2020/05/06 20:47:00+00,2020/05/04 19:00:00+00,ASSAULT,ANTI-FEMALE HOMOSEXUAL (LESBIAN)             ,,TERRORISTIC THREATENING 3RD DEGREE,13C,PART II,COMPLETED,6TH DIVISION,613,RESIDENCE / HOME,900 BLOCK DONARD PARK AVE                                   ,LOUISVILLE,40218,216
80-20-056168,2020/09/19 23:10:00+00,2020/09/19 23:01:00+00,ASSAULT,ANTI-JEWISH                                  ,,ASSAULT - 4TH DEGREE (MINOR INJURY),13B,PART II,COMPLETED,1ST DIVISION,123,HIGHWAY / ROAD / ALLEY,S 6TH ST / W JEFFERSON ST                                   ,LOUISVILLE,40202,217
80-20-031968,2020/05/31 17:28:00+00,2020/03/31 04:01:00+00,OTHER,ANTI-BLACK                                   ,,HARASSING COMMUNICATIONS,90Z,PART II,COMPLETED,6TH DIVISION,625,OTHER RESIDENCE (APARTMENT/CONDO),3500 BLOCK BARDSTOWN RD                                     ,LOUISVILLE,40218,218
80-20-056861,2020/09/23 16:00:00+00,2020/09/23 15:59:00+00,THEFT/LARCENY,ANTI-MALE HOMOSEXUAL (GAY)                   ,OTHER PERSON                                           ,"TBUT OR DISP FROM BLDG $500 OR > BUT < $10,000",23D,PART I,COMPLETED,2ND DIVISION,236,RESIDENCE / HOME,4300 BLOCK BAYBERRY DR                                      ,LOUISVILLE,40216,219
80-20-032391,2020/06/02 12:37:00+00,2020/06/02 05:04:00+00,VANDALISM,ANTI-BLACK                                   ,,CRIMINAL MISCHIEF - 1ST DEGREE,290,PART II,COMPLETED,5TH DIVISION,512,RESIDENCE / HOME,1300 BLOCK WINTER AVE                                       ,LOUISVILLE,40204,220
80-20-032655,2020/06/03 14:58:00+00,2020/01/01 17:00:00+00,OTHER,ANTI-BLACK                                   ,OTHER PERSON                                           ,HARASSING COMMUNICATIONS,90Z,PART II,COMPLETED,5TH DIVISION,521,RESIDENCE / HOME,600 BLOCK HIGHWOOD DR                                       ,LOUISVILLE,40206,221
